Cell,Dataset,Sample,Barcode,Cluster
Cell12,Organoid123,1,AAAGATGCAGTCGATT,0
Cell17,Organoid123,1,AAAGCAACAAGAGTCG,0
Cell25,Organoid123,1,AAAGTAGGTGTAACGG,0
Cell31,Organoid123,1,AACACGTAGGGCTCTC,0
Cell46,Organoid123,1,AACCGCGGTCCAGTTA,1
Cell47,Organoid123,1,AACCGCGTCCAGAGGA,0
Cell53,Organoid123,1,AACTCAGGTCAAAGAT,0
Cell57,Organoid123,1,AACTCCCCAGACAAGC,1
Cell60,Organoid123,1,AACTCCCTCTCGTTTA,0
Cell71,Organoid123,1,AACTGGTGTACAAGTA,1
Cell80,Organoid123,1,AACTTTCCACCCAGTG,2
Cell94,Organoid123,1,AAGCCGCGTCTAAAGA,1
Cell99,Organoid123,1,AAGCCGCTCATCGGAT,0
Cell104,Organoid123,1,AAGGAGCTCCTTGACC,1
Cell118,Organoid123,1,AAGTCTGGTGTTGAGG,0
Cell124,Organoid123,1,AATCGGTCAGACGCAA,0
Cell130,Organoid123,1,ACACCAAGTGCAACGA,0
Cell136,Organoid123,1,ACACCGGCATCTCGCT,0
Cell142,Organoid123,1,ACACTGATCTGGTGTA,0
Cell143,Organoid123,1,ACAGCCGAGACAGAGA,2
Cell148,Organoid123,1,ACAGCCGTCTCATTCA,0
Cell156,Organoid123,1,ACATACGCAAGGCTCC,0
Cell157,Organoid123,1,ACATACGCAATCGGTT,2
Cell176,Organoid123,1,ACCGTAAGTGGGTCAA,0
Cell182,Organoid123,1,ACGAGCCAGGCCCGTT,0
Cell186,Organoid123,1,ACGAGCCCAGGTGCCT,1
Cell199,Organoid123,1,ACGATACTCACTCCTG,2
Cell206,Organoid123,1,ACGATGTGTGTGGTTT,0
Cell209,Organoid123,1,ACGCAGCCAGTATGCT,1
Cell212,Organoid123,1,ACGCAGCTCCAAGTAC,1
Cell217,Organoid123,1,ACGCCAGGTGACTACT,2
Cell221,Organoid123,1,ACGCCAGTCATTCACT,0
Cell222,Organoid123,1,ACGCCGAAGCCGATTT,0
Cell224,Organoid123,1,ACGCCGACAGCTCGAC,2
Cell232,Organoid123,1,ACGCCGATCGTGGACC,1
Cell242,Organoid123,1,ACGGCCACATGCTAGT,1
Cell244,Organoid123,1,ACGGCCAGTTCCTCCA,3
Cell249,Organoid123,1,ACGGGCTTCTCACATT,0
Cell250,Organoid123,1,ACGGGTCAGAGCTGCA,0
Cell257,Organoid123,1,ACGTCAACAACACGCC,1
Cell262,Organoid123,1,ACGTCAATCATACGGT,0
Cell269,Organoid123,1,ACTATCTTCTCAAGTG,0
Cell271,Organoid123,1,ACTGAACAGGGCTCTC,1
Cell274,Organoid123,1,ACTGAACCACTTACGA,1
Cell282,Organoid123,1,ACTGATGAGAAACGAG,1
Cell293,Organoid123,1,ACTGTCCGTCGAGTTT,0
Cell302,Organoid123,1,ACTTGTTGTCGTTGTA,0
Cell312,Organoid123,1,AGACGTTCATTAGGCT,1
Cell317,Organoid123,1,AGAGCTTAGACTGGGT,0
Cell339,Organoid123,1,AGCAGCCCAGTCAGCC,1
Cell348,Organoid123,1,AGCCTAAGTCTAGCCG,0
Cell363,Organoid123,1,AGCGTATGTTACCGAT,0
Cell367,Organoid123,1,AGCGTCGCACAGACTT,2
Cell373,Organoid123,1,AGCTCCTCACCGCTAG,0
Cell375,Organoid123,1,AGCTCTCCAATGGATA,0
Cell377,Organoid123,1,AGCTCTCGTGCGCTTG,0
Cell379,Organoid123,1,AGCTCTCTCACAAACC,1
Cell380,Organoid123,1,AGCTCTCTCCCAACGG,0
Cell382,Organoid123,1,AGCTTGAAGAGCCTAG,0
Cell388,Organoid123,1,AGCTTGAGTTCGGCAC,1
Cell390,Organoid123,1,AGGCCACAGTACGCGA,0
Cell391,Organoid123,1,AGGCCACCACATTTCT,0
Cell397,Organoid123,1,AGGGAGTAGATGTCGG,0
Cell399,Organoid123,1,AGGGAGTGTTTGACTG,0
Cell400,Organoid123,1,AGGGATGAGTGGAGAA,0
Cell409,Organoid123,1,AGGGTGATCGACAGCC,1
Cell420,Organoid123,1,AGGTCCGCATTCTTAC,1
Cell426,Organoid123,1,AGTAGTCTCAACGGGA,1
Cell427,Organoid123,1,AGTCTTTAGTGCGATG,0
Cell439,Organoid123,1,AGTGAGGCAACTGCGC,2
Cell448,Organoid123,1,AGTGGGATCTTAGCCC,0
Cell450,Organoid123,1,AGTGTCACAAGCCCAC,1
Cell455,Organoid123,1,AGTTGGTGTGGTAACG,1
Cell460,Organoid123,1,ATAACGCGTCTGCGGT,1
Cell476,Organoid123,1,ATCATCTAGTACGTAA,1
Cell479,Organoid123,1,ATCATCTCATAAGACA,0
Cell481,Organoid123,1,ATCATCTGTAGCACGA,0
Cell497,Organoid123,1,ATCGAGTCATCTCGCT,0
Cell516,Organoid123,1,ATGAGGGTCGGTGTTA,1
Cell524,Organoid123,1,ATGGGAGGTATTCTCT,0
Cell526,Organoid123,1,ATGTGTGAGATACACA,0
Cell534,Organoid123,1,ATTACTCTCCTTGCCA,2
Cell571,Organoid123,1,CAACCTCAGATGTCGG,0
Cell603,Organoid123,1,CACAGGCCAGACGCAA,1
Cell609,Organoid123,1,CACATAGAGGGTCGAT,0
Cell620,Organoid123,1,CACCACTCAGTATCTG,2
Cell622,Organoid123,1,CACCAGGAGCTAACTC,1
Cell624,Organoid123,1,CACCAGGCACCTCGGA,0
Cell632,Organoid123,1,CACCTTGCATATGCTG,0
Cell637,Organoid123,1,CACTCCAAGCAACGGT,0
Cell646,Organoid123,1,CAGAATCCAGCCTTGG,0
Cell649,Organoid123,1,CAGAGAGAGACTGTAA,0
Cell656,Organoid123,1,CAGATCAAGGCATTGG,0
Cell662,Organoid123,1,CAGCAGCCAAGGACTG,1
Cell665,Organoid123,1,CAGCAGCGTGGTACAG,1
Cell668,Organoid123,1,CAGCATACAACGCACC,0
Cell669,Organoid123,1,CAGCATAGTGGTGTAG,0
Cell670,Organoid123,1,CAGCCGAAGCCAGAAC,2
Cell678,Organoid123,1,CAGCGACGTAAGAGGA,1
Cell680,Organoid123,1,CAGCGACTCGGATGTT,2
Cell689,Organoid123,1,CAGCTGGGTTATCGGT,1
Cell713,Organoid123,1,CATATGGGTTAGTGGG,0
Cell717,Organoid123,1,CATATTCGTCTCCATC,0
Cell721,Organoid123,1,CATCAAGAGAGCTATA,0
Cell724,Organoid123,1,CATCAAGCATCTCGCT,0
Cell731,Organoid123,1,CATCAGAGTTGATTGC,0
Cell735,Organoid123,1,CATCCACCAGTACACT,1
Cell736,Organoid123,1,CATCGAACACAGATTC,0
Cell738,Organoid123,1,CATCGAACAGTGACAG,1
Cell743,Organoid123,1,CATGACAAGAGACTTA,0
Cell755,Organoid123,1,CATGGCGAGATGTTAG,0
Cell757,Organoid123,1,CATGGCGAGGTGTGGT,1
Cell762,Organoid123,1,CATGGCGTCCCGGATG,0
Cell770,Organoid123,1,CATTCGCGTTACGCGC,0
Cell779,Organoid123,1,CCACCTAGTGCACTTA,0
Cell796,Organoid123,1,CCATTCGCAACGATGG,0
Cell798,Organoid123,1,CCATTCGTCTGCTTGC,0
Cell811,Organoid123,1,CCCTCCTGTAGCGTAG,0
Cell829,Organoid123,1,CCGTGGAAGAGCTGGT,1
Cell830,Organoid123,1,CCGTGGAAGATAGGAG,0
Cell843,Organoid123,1,CCTAAAGCAGTTCATG,2
Cell863,Organoid123,1,CCTAGCTTCACTCTTA,0
Cell865,Organoid123,1,CCTATTATCAACACCA,0
Cell872,Organoid123,1,CCTCAGTTCGCCAGCA,1
Cell875,Organoid123,1,CCTCTGACAAGTAGTA,0
Cell881,Organoid123,1,CCTTCCCCATCCTTGC,0
Cell890,Organoid123,1,CCTTCGACACAGGCCT,0
Cell894,Organoid123,1,CCTTCGAGTTTGACTG,2
Cell903,Organoid123,1,CGAACATTCTCATTCA,0
Cell911,Organoid123,1,CGACTTCTCATGGTCA,1
Cell914,Organoid123,1,CGAGAAGAGGACATTA,2
Cell915,Organoid123,1,CGAGAAGTCCACGTTC,0
Cell923,Organoid123,1,CGAGCCAAGGAATTAC,0
Cell925,Organoid123,1,CGAGCCATCAGTTGAC,0
Cell938,Organoid123,1,CGATGTATCACAAACC,2
Cell948,Organoid123,1,CGCCAAGCACGAGAGT,2
Cell954,Organoid123,1,CGCGGTACAAGGTTCT,1
Cell962,Organoid123,1,CGCTATCAGCTGAACG,1
Cell966,Organoid123,1,CGCTATCGTTCGTGAT,1
Cell969,Organoid123,1,CGCTGGAAGTGTCTCA,1
Cell972,Organoid123,1,CGCTTCACATACTCTT,1
Cell974,Organoid123,1,CGCTTCAGTCTCCACT,1
Cell977,Organoid123,1,CGGACACAGGAGCGTT,0
Cell982,Organoid123,1,CGGACGTGTTTGTTTC,1
Cell987,Organoid123,1,CGGACTGGTTCGAATC,0
Cell992,Organoid123,1,CGGAGCTAGAGTAATC,0
Cell1000,Organoid123,1,CGGAGTCGTCTCACCT,1
Cell1001,Organoid123,1,CGGAGTCGTGAGGGTT,0
Cell1005,Organoid123,1,CGGCTAGCAGGCTCAC,0
Cell1016,Organoid123,1,CGGTTAAGTTAGATGA,1
Cell1025,Organoid123,1,CGTAGGCTCTCCAACC,0
Cell1037,Organoid123,1,CGTCCATTCTTCGAGA,1
Cell1038,Organoid123,1,CGTCTACAGAGCTATA,0
Cell1039,Organoid123,1,CGTCTACAGGCGTACA,0
Cell1045,Organoid123,1,CGTGAGCAGATCCCAT,1
Cell1057,Organoid123,1,CGTGTCTAGAAGGTGA,1
Cell1081,Organoid123,1,CGTTGGGAGTGGAGTC,0
Cell1097,Organoid123,1,CTAATGGTCCCTTGTG,0
Cell1103,Organoid123,1,CTACATTCACAACTGT,0
Cell1108,Organoid123,1,CTACATTTCGCTGATA,1
Cell1113,Organoid123,1,CTACCCATCGAGCCCA,0
Cell1124,Organoid123,1,CTAGAGTGTAGCGTGA,1
Cell1126,Organoid123,1,CTAGAGTTCCTTTCTC,2
Cell1139,Organoid123,1,CTCACACTCTCTGCTG,0
Cell1144,Organoid123,1,CTCAGAAAGTATCGAA,0
Cell1145,Organoid123,1,CTCAGAAGTTATGTGC,0
Cell1150,Organoid123,1,CTCATTACATGGTTGT,1
Cell1153,Organoid123,1,CTCCTAGGTAGTACCT,0
Cell1162,Organoid123,1,CTCGAGGCATATACCG,1
Cell1194,Organoid123,1,CTCTGGTCAAGCCGTC,0
Cell1195,Organoid123,1,CTCTGGTCAGGACCCT,0
Cell1206,Organoid123,1,CTGAAGTCAGATCCAT,0
Cell1211,Organoid123,1,CTGAAGTTCCCTCTTT,0
Cell1224,Organoid123,1,CTGCCTATCGGCTTGG,0
Cell1228,Organoid123,1,CTGCGGATCACTATTC,1
Cell1231,Organoid123,1,CTGCTGTCACGGATAG,0
Cell1236,Organoid123,1,CTGGTCTAGTGTCCCG,0
Cell1238,Organoid123,1,CTGGTCTGTCTGCGGT,0
Cell1251,Organoid123,1,CTTAACTAGCTGGAAC,1
Cell1259,Organoid123,1,CTTAACTTCTGTCTCG,1
Cell1289,Organoid123,1,GAAATGATCGTTTGCC,0
Cell1304,Organoid123,1,GAAGCAGCAAACGTGG,2
Cell1326,Organoid123,1,GACAGAGGTAAATGAC,1
Cell1327,Organoid123,1,GACAGAGGTACGAAAT,0
Cell1328,Organoid123,1,GACCAATAGGTGCTAG,0
Cell1332,Organoid123,1,GACCAATGTATCGCAT,0
Cell1337,Organoid123,1,GACGCGTCATCGATGT,0
Cell1343,Organoid123,1,GACGGCTTCTCTAGGA,1
Cell1351,Organoid123,1,GACGTGCCATCTACGA,0
Cell1353,Organoid123,1,GACGTTAAGGAGTCTG,2
Cell1375,Organoid123,1,GAGCAGAGTCGAAAGC,0
Cell1392,Organoid123,1,GATCAGTGTGCCTGTG,0
Cell1397,Organoid123,1,GATCGATCATGCAATC,0
Cell1408,Organoid123,1,GATCTAGAGTCCATAC,0
Cell1415,Organoid123,1,GATGAGGAGACCTTTG,1
Cell1417,Organoid123,1,GATGAGGGTACCATCA,1
Cell1429,Organoid123,1,GATTCAGCAGCTTAAC,0
Cell1431,Organoid123,1,GATTCAGTCTTGAGGT,0
Cell1439,Organoid123,1,GCAAACTTCGCATGAT,0
Cell1446,Organoid123,1,GCACATAAGGGAAACA,1
Cell1467,Organoid123,1,GCAGTTATCATTGCCC,0
Cell1470,Organoid123,1,GCATACACAGTATCTG,0
Cell1473,Organoid123,1,GCATACAGTTGGTGGA,1
Cell1482,Organoid123,1,GCATGCGCAAGCCTAT,1
Cell1490,Organoid123,1,GCATGTAGTAGCGTCC,0
Cell1505,Organoid123,1,GCGACCAAGACCTAGG,0
Cell1509,Organoid123,1,GCGACCAGTGCGAAAC,1
Cell1511,Organoid123,1,GCGAGAAAGAATTCCC,0
Cell1526,Organoid123,1,GCGCAGTTCACCAGGC,0
Cell1533,Organoid123,1,GCGCCAACATTCACTT,1
Cell1539,Organoid123,1,GCTCCTAGTATAGGTA,0
Cell1543,Organoid123,1,GCTCTGTAGAATTCCC,1
Cell1574,Organoid123,1,GCTGGGTTCAGCGACC,0
Cell1577,Organoid123,1,GCTTCCAAGTACACCT,0
Cell1581,Organoid123,1,GCTTCCATCTGCCCTA,0
Cell1583,Organoid123,1,GCTTGAAGTGCACCAC,0
Cell1593,Organoid123,1,GGAACTTCAGGTGGAT,0
Cell1604,Organoid123,1,GGACATTAGTACATGA,0
Cell1619,Organoid123,1,GGAGCAATCGCGGATC,1
Cell1620,Organoid123,1,GGAGCAATCTACTATC,0
Cell1626,Organoid123,1,GGATTACGTACCTACA,1
Cell1629,Organoid123,1,GGCAATTAGAAGGCCT,2
Cell1639,Organoid123,1,GGCGACTTCACGAAGG,1
Cell1654,Organoid123,1,GGGAATGGTGATAAAC,1
Cell1675,Organoid123,1,GGGATGAGTTTGGGCC,0
Cell1676,Organoid123,1,GGGATGATCATAAAGG,0
Cell1684,Organoid123,1,GGGCACTCATTCCTGC,1
Cell1686,Organoid123,1,GGGCACTGTCAATACC,0
Cell1687,Organoid123,1,GGGCACTGTTTAAGCC,1
Cell1690,Organoid123,1,GGGCATCAGACTAAGT,2
Cell1695,Organoid123,1,GGGCATCGTTAGTGGG,0
Cell1704,Organoid123,1,GGGTCTGCAGTCGATT,0
Cell1727,Organoid123,1,GGTGCGTGTTAAGATG,1
Cell1729,Organoid123,1,GGTGTTAAGCTTTGGT,0
Cell1743,Organoid123,1,GTAACTGCATATACGC,1
Cell1744,Organoid123,1,GTAACTGGTACCATCA,0
Cell1745,Organoid123,1,GTAACTGGTATATGAG,1
Cell1749,Organoid123,1,GTACGTAGTCTAGTCA,1
Cell1764,Organoid123,1,GTAGTCAGTCCCGACA,0
Cell1765,Organoid123,1,GTAGTCAGTCCGTCAG,1
Cell1777,Organoid123,1,GTCAAGTCAGTACACT,0
Cell1780,Organoid123,1,GTCAAGTTCGGCTTGG,0
Cell1784,Organoid123,1,GTCACAAGTTCCTCCA,0
Cell1786,Organoid123,1,GTCACGGAGCACACAG,0
Cell1789,Organoid123,1,GTCATTTCACATGACT,1
Cell1791,Organoid123,1,GTCATTTGTAGAGGAA,1
Cell1799,Organoid123,1,GTCCTCATCTAAGCCA,2
Cell1808,Organoid123,1,GTCGTAACAGTGGAGT,0
Cell1809,Organoid123,1,GTCGTAAGTCCAGTAT,0
Cell1828,Organoid123,1,GTGCAGCGTACAAGTA,0
Cell1832,Organoid123,1,GTGCATAAGAAACGCC,0
Cell1843,Organoid123,1,GTGCGGTCAGGTCTCG,0
Cell1847,Organoid123,1,GTGCTTCAGAATTGTG,0
Cell1854,Organoid123,1,GTGGGTCTCATTGCGA,0
Cell1874,Organoid123,1,GTTCATTGTAATAGCA,0
Cell1875,Organoid123,1,GTTCATTTCAACGCTA,0
Cell1886,Organoid123,1,GTTCTCGCAGCCACCA,0
Cell1889,Organoid123,1,GTTCTCGTCGCCGTGA,0
Cell1894,Organoid123,1,GTTTCTAGTAAAGTCA,1
Cell1904,Organoid123,1,TAAGAGATCTCTAGGA,1
Cell1911,Organoid123,1,TAAGTGCCATACAGCT,0
Cell1913,Organoid123,1,TAAGTGCGTCCTAGCG,1
Cell1915,Organoid123,1,TACACGAAGTCATGCT,0
Cell1924,Organoid123,1,TACAGTGGTACGACCC,0
Cell1925,Organoid123,1,TACAGTGGTTCCGGCA,0
Cell1947,Organoid123,1,TACGGTATCATTATCC,1
Cell1963,Organoid123,1,TACTTGTAGGTAGCTG,1
Cell1965,Organoid123,1,TACTTGTGTTACGACT,0
Cell1970,Organoid123,1,TAGACCAGTAAGTAGT,1
Cell1991,Organoid123,1,TAGGCATTCGAGGTAG,0
Cell1995,Organoid123,1,TAGTGGTCACATAACC,0
Cell1996,Organoid123,1,TAGTGGTCACCTCGGA,1
Cell2007,Organoid123,1,TATCAGGAGCGTGAAC,1
Cell2011,Organoid123,1,TATCTCAAGATCACGG,0
Cell2015,Organoid123,1,TATCTCACAGGGTACA,1
Cell2020,Organoid123,1,TATGCCCCATGCTGGC,1
Cell2052,Organoid123,1,TCACAAGTCTTAGCCC,0
Cell2063,Organoid123,1,TCAGCTCAGGAGTACC,1
Cell2068,Organoid123,1,TCAGCTCTCAGTGCAT,1
Cell2077,Organoid123,1,TCAGGTAAGAAACGAG,1
Cell2098,Organoid123,1,TCCACACCAGTACACT,0
Cell2101,Organoid123,1,TCCACACTCTTCAACT,1
Cell2102,Organoid123,1,TCCCGATGTAAGTGTA,1
Cell2106,Organoid123,1,TCCCGATTCTAGAGTC,0
Cell2125,Organoid123,1,TCGGTAACAAACCCAT,0
Cell2126,Organoid123,1,TCGGTAAGTCTGGAGA,0
Cell2134,Organoid123,1,TCGTAGACATGTAGTC,1
Cell2142,Organoid123,1,TCTCATAAGAAGGCCT,2
Cell2160,Organoid123,1,TCTGAGATCCGCAGTG,0
Cell2164,Organoid123,1,TCTGGAAGTAGGCTGA,0
Cell2179,Organoid123,1,TGAAAGAAGCCACCTG,2
Cell2196,Organoid123,1,TGACTAGGTATTACCG,0
Cell2201,Organoid123,1,TGACTTTAGAAACCGC,1
Cell2203,Organoid123,1,TGACTTTCAAGCTGGA,2
Cell2214,Organoid123,1,TGAGAGGTCCCTTGCA,1
Cell2221,Organoid123,1,TGAGGGAAGATGGGTC,0
Cell2222,Organoid123,1,TGAGGGAAGGCAATTA,0
Cell2234,Organoid123,1,TGCACCTTCTATGTGG,0
Cell2240,Organoid123,1,TGCCCTAAGAGAGCTC,0
Cell2241,Organoid123,1,TGCCCTAAGGATGGAA,0
Cell2243,Organoid123,1,TGCCCTAAGGGCATGT,2
Cell2250,Organoid123,1,TGCGCAGGTTACGACT,2
Cell2253,Organoid123,1,TGCGGGTAGAAACGCC,0
Cell2288,Organoid123,1,TGGCCAGTCCTTGGTC,0
Cell2290,Organoid123,1,TGGCGCACACGCATCG,1
Cell2291,Organoid123,1,TGGCGCACAGACGCCT,0
Cell2315,Organoid123,1,TGTATTCGTCGGCATC,2
Cell2322,Organoid123,1,TGTGGTACAGGTTTCA,0
Cell2324,Organoid123,1,TGTGGTAGTAAGTAGT,0
Cell2325,Organoid123,1,TGTGGTAGTACAGTTC,0
Cell2326,Organoid123,1,TGTGGTAGTCACCCAG,1
Cell2334,Organoid123,1,TTAACTCTCCGTACAA,0
Cell2341,Organoid123,1,TTAGGCACATACGCCG,1
Cell2343,Organoid123,1,TTAGGCATCCGTACAA,1
Cell2345,Organoid123,1,TTAGTTCCATCACCCT,1
Cell2346,Organoid123,1,TTAGTTCCATCTCCCA,0
Cell2353,Organoid123,1,TTATGCTGTAAGCACG,1
Cell2355,Organoid123,1,TTATGCTTCGTCCAGG,2
Cell2370,Organoid123,1,TTCGGTCCACGGTAAG,1
Cell2372,Organoid123,1,TTCGGTCTCGAACTGT,0
Cell2379,Organoid123,1,TTCTACAGTGACTACT,1
Cell2397,Organoid123,1,TTGACTTCATCGTCGG,2
Cell2399,Organoid123,1,TTGCCGTGTCCTGCTT,1
Cell2412,Organoid123,1,TTGGAACTCAGAGGTG,0
Cell2421,Organoid123,1,TTGTAGGCATGCCCGA,0
Cell2433,Organoid123,1,TTTCCTCGTCAGCTAT,0
Cell2435,Organoid123,1,TTTCCTCGTTATTCTC,0
Cell2439,Organoid123,1,TTTGCGCCATATACGC,0
Cell2441,Organoid123,1,TTTGCGCGTTAAGGGC,0
Cell2452,Organoid123,2,AAACCTGAGCGATTCT,1
Cell2453,Organoid123,2,AAACCTGAGGTTACCT,1
Cell2466,Organoid123,2,AAAGATGGTACCGCTG,0
Cell2468,Organoid123,2,AAAGATGGTTAGTGGG,2
Cell2480,Organoid123,2,AAATGCCCACGTAAGG,0
Cell2482,Organoid123,2,AAATGCCGTGTAAGTA,0
Cell2501,Organoid123,2,AACTCAGCAAACTGCT,1
Cell2502,Organoid123,2,AACTCAGCAGGTGGAT,0
Cell2509,Organoid123,2,AACTCCCGTTACGGAG,1
Cell2520,Organoid123,2,AACTTTCTCTGTTTGT,0
Cell2533,Organoid123,2,AAGGAGCGTCAAAGAT,2
Cell2539,Organoid123,2,AAGGCAGCAGTGGAGT,2
Cell2543,Organoid123,2,AAGGTTCGTTAAGATG,0
Cell2545,Organoid123,2,AAGTCTGAGGGTGTGT,1
Cell2549,Organoid123,2,AAGTCTGGTGTATGGG,0
Cell2570,Organoid123,2,ACACCCTCAGCTCGAC,0
Cell2575,Organoid123,2,ACACCGGGTCTAGTGT,1
Cell2577,Organoid123,2,ACACTGAAGTGGGATC,1
Cell2580,Organoid123,2,ACAGCCGAGTTTGCGT,0
Cell2591,Organoid123,2,ACATCAGAGAAGGCCT,1
Cell2669,Organoid123,2,ACGGCCATCTCGTATT,1
Cell2673,Organoid123,2,ACGGGCTGTAGCTAAA,0
Cell2680,Organoid123,2,ACGGGTCGTCCTGCTT,0
Cell2691,Organoid123,2,ACTGAACTCTGGGCCA,2
Cell2693,Organoid123,2,ACTGAGTCACATCTTT,1
Cell2699,Organoid123,2,ACTGATGTCTTCATGT,0
Cell2712,Organoid123,2,ACTTGTTAGAGATGAG,2
Cell2723,Organoid123,2,AGAGCGAAGCTGTTCA,0
Cell2737,Organoid123,2,AGATCTGCACTGTTAG,1
Cell2762,Organoid123,2,AGCCTAAGTATTAGCC,0
Cell2763,Organoid123,2,AGCGGTCAGAAACGCC,0
Cell2773,Organoid123,2,AGCGTCGAGACACGAC,2
Cell2783,Organoid123,2,AGCTCTCCATCCCACT,1
Cell2785,Organoid123,2,AGCTCTCGTTTGTTGG,0
Cell2828,Organoid123,2,AGTAGTCTCATATCGG,1
Cell2830,Organoid123,2,AGTAGTCTCTCTTATG,0
Cell2831,Organoid123,2,AGTAGTCTCTTTCCTC,0
Cell2832,Organoid123,2,AGTCTTTAGACACTAA,2
Cell2833,Organoid123,2,AGTCTTTAGCTCCCAG,1
Cell2840,Organoid123,2,AGTGGGACAGTACACT,0
Cell2845,Organoid123,2,AGTGTCAGTGCAACGA,1
Cell2869,Organoid123,2,ATCATCTTCTTCAACT,0
Cell2870,Organoid123,2,ATCATGGAGAAGGTGA,2
Cell2893,Organoid123,2,ATCTACTTCGGACAAG,0
Cell2903,Organoid123,2,ATGAGGGCAAGGTTCT,0
Cell2918,Organoid123,2,ATTATCCCAAGACACG,2
Cell2923,Organoid123,2,ATTCTACTCAGTGTTG,1
Cell2951,Organoid123,2,CAAGAAAGTTTGTGTG,0
Cell2957,Organoid123,2,CAAGATCTCGTCGTTC,2
Cell2972,Organoid123,2,CACAAACAGTTTAGGA,0
Cell2990,Organoid123,2,CACAGGCCACGACTCG,2
Cell2993,Organoid123,2,CACAGTAAGAAACCAT,0
Cell3014,Organoid123,2,CACCACTCAAGCGATG,0
Cell3044,Organoid123,2,CAGATCAGTCTCCCTA,1
Cell3056,Organoid123,2,CAGCCGAAGCACAGGT,0
Cell3064,Organoid123,2,CAGCGACGTGCAGGTA,0
Cell3072,Organoid123,2,CAGCTGGCAGCCTGTG,0
Cell3073,Organoid123,2,CAGCTGGGTATCACCA,2
Cell3074,Organoid123,2,CAGCTGGTCAAACCGT,2
Cell3080,Organoid123,2,CAGTAACAGGTAGCTG,0
Cell3093,Organoid123,2,CATATTCCAGACTCGC,0
Cell3096,Organoid123,2,CATCAAGAGTTAGGTA,0
Cell3104,Organoid123,2,CATCCACCACGGTGTC,0
Cell3106,Organoid123,2,CATCCACCATGTCCTC,1
Cell3122,Organoid123,2,CATGACAAGTCAATAG,1
Cell3142,Organoid123,2,CATTCGCCAACTTGAC,0
Cell3158,Organoid123,2,CCACGGAAGACAGAGA,2
Cell3160,Organoid123,2,CCACGGAGTGATAAAC,0
Cell3170,Organoid123,2,CCATGTCAGTAATCCC,0
Cell3178,Organoid123,2,CCCAATCGTAGGGACT,3
Cell3181,Organoid123,2,CCCAATCTCGTGGTCG,0
Cell3212,Organoid123,2,CCGTTCAAGCGTTTAC,0
Cell3230,Organoid123,2,CCTACCAGTTGAGGTG,2
Cell3241,Organoid123,2,CCTATTATCTGGTATG,0
Cell3247,Organoid123,2,CCTCTGATCATCTGTT,2
Cell3280,Organoid123,2,CGACCTTGTGTCAATC,0
Cell3310,Organoid123,2,CGATGGCCAGTAAGAT,1
Cell3317,Organoid123,2,CGATGTAGTACCATCA,1
Cell3323,Organoid123,2,CGCCAAGAGCCTTGAT,1
Cell3327,Organoid123,2,CGCCAAGTCTTGTTTG,1
Cell3339,Organoid123,2,CGCTATCGTATGAAAC,0
Cell3343,Organoid123,2,CGCTGGACAGATGAGC,2
Cell3378,Organoid123,2,CGGGTCAAGTCACGCC,1
Cell3383,Organoid123,2,CGGGTCATCTGCCCTA,0
Cell3397,Organoid123,2,CGTAGGCGTACCCAAT,0
Cell3402,Organoid123,2,CGTCACTCACTGCCAG,1
Cell3408,Organoid123,2,CGTCAGGCAAATACAG,1
Cell3425,Organoid123,2,CGTGTAAAGGCTCTTA,1
Cell3435,Organoid123,2,CGTTAGAGTCGGGTCT,0
Cell3451,Organoid123,2,CTAACTTTCTCATTCA,1
Cell3464,Organoid123,2,CTACACCCACTCGACG,2
Cell3497,Organoid123,2,CTCACACGTTATCGGT,0
Cell3507,Organoid123,2,CTCCTAGGTCTCATCC,0
Cell3513,Organoid123,2,CTCGAAAGTCCAGTTA,2
Cell3514,Organoid123,2,CTCGAAATCCTGTAGA,1
Cell3515,Organoid123,2,CTCGAAATCGAGCCCA,1
Cell3553,Organoid123,2,CTCTACGTCACATACG,0
Cell3569,Organoid123,2,CTGATCCCACAGATTC,2
Cell3574,Organoid123,2,CTGCCTACACAGGTTT,1
Cell3575,Organoid123,2,CTGCCTACAGTACACT,0
Cell3595,Organoid123,2,CTGTTTAGTACTTGAC,0
Cell3602,Organoid123,2,CTTAACTAGGCCCTTG,0
Cell3611,Organoid123,2,CTTAGGAGTCGCTTTC,0
Cell3629,Organoid123,2,GAAACTCCAGGAATCG,0
Cell3630,Organoid123,2,GAAACTCCAGGTGGAT,0
Cell3632,Organoid123,2,GAAACTCTCGGCGCTA,1
Cell3653,Organoid123,2,GAAGCAGAGCTGTCTA,1
Cell3691,Organoid123,2,GACGGCTAGTGGGCTA,1
Cell3697,Organoid123,2,GACGTGCCATGGATGG,0
Cell3699,Organoid123,2,GACGTGCTCAAACCGT,0
Cell3743,Organoid123,2,GATCGATTCGTAGGAG,0
Cell3771,Organoid123,2,GATTCAGTCCTTGGTC,1
Cell3780,Organoid123,2,GCAATCAGTCAGATAA,0
Cell3792,Organoid123,2,GCAGTTAGTTCGCGAC,1
Cell3795,Organoid123,2,GCATACAAGTGGACGT,1
Cell3817,Organoid123,2,GCCAAATCACTGTTAG,0
Cell3818,Organoid123,2,GCCAAATCAGACAGGT,0
Cell3825,Organoid123,2,GCCTCTAGTCGAATCT,0
Cell3840,Organoid123,2,GCGCAACCAATGGAAT,0
Cell3842,Organoid123,2,GCGCAACTCATAACCG,0
Cell3847,Organoid123,2,GCGCAGTGTCTCCATC,0
Cell3860,Organoid123,2,GCGCGATCAATGCCAT,0
Cell3865,Organoid123,2,GCTCCTAGTATGGTTC,2
Cell3871,Organoid123,2,GCTCTGTTCCTCGCAT,1
Cell3877,Organoid123,2,GCTGCGAAGACGCACA,0
Cell3883,Organoid123,2,GCTGCTTAGCTGATAA,1
Cell3886,Organoid123,2,GCTGCTTTCCCTCTTT,1
Cell3890,Organoid123,2,GCTGCTTTCTGGTATG,0
Cell3892,Organoid123,2,GCTGGGTCAACACCCG,0
Cell3920,Organoid123,2,GGACATTGTACATCCA,2
Cell3925,Organoid123,2,GGACGTCTCCGTACAA,0
Cell3936,Organoid123,2,GGATTACGTAAATACG,0
Cell3937,Organoid123,2,GGATTACGTCCTGCTT,0
Cell3944,Organoid123,2,GGCCGATAGAAGATTC,0
Cell3948,Organoid123,2,GGCCGATTCTTCGAGA,0
Cell3954,Organoid123,2,GGCGTGTAGCCAGGAT,1
Cell3965,Organoid123,2,GGGAATGAGATGGGTC,3
Cell3974,Organoid123,2,GGGAGATAGACGACGT,0
Cell3982,Organoid123,2,GGGCATCAGGCTAGGT,0
Cell3984,Organoid123,2,GGGCATCGTTCCGGCA,0
Cell3989,Organoid123,2,GGGTTGCGTGGTACAG,2
Cell3995,Organoid123,2,GGTATTGAGGTCATCT,1
Cell4009,Organoid123,2,GGTGCGTTCTAGCACA,1
Cell4021,Organoid123,2,GTAACGTTCCGCGTTT,0
Cell4024,Organoid123,2,GTAACTGAGGCGACAT,1
Cell4026,Organoid123,2,GTAACTGAGTGTACTC,1
Cell4027,Organoid123,2,GTAACTGAGTTACCCA,0
Cell4034,Organoid123,2,GTACGTACAAGCTGTT,0
Cell4054,Organoid123,2,GTATCTTAGTGGGTTG,2
Cell4062,Organoid123,2,GTCAAGTGTGTGGCTC,0
Cell4068,Organoid123,2,GTCACGGCAAGTCATC,0
Cell4075,Organoid123,2,GTCATTTTCCTTTCGG,2
Cell4079,Organoid123,2,GTCCTCACATATACGC,1
Cell4085,Organoid123,2,GTCGGGTAGGCAAAGA,1
Cell4096,Organoid123,2,GTCTCGTCAAGGTTTC,1
Cell4109,Organoid123,2,GTGCAGCCACCCAGTG,0
Cell4120,Organoid123,2,GTGCGGTGTACAGTGG,0
Cell4129,Organoid123,2,GTGGGTCAGACTGGGT,1
Cell4135,Organoid123,2,GTGTGCGTCAAGAAGT,0
Cell4140,Organoid123,2,GTTAAGCAGTGCCATT,1
Cell4148,Organoid123,2,GTTACAGTCGCCTGTT,1
Cell4149,Organoid123,2,GTTCATTCAAGGACAC,0
Cell4163,Organoid123,2,TAAACCGTCCTTGGTC,1
Cell4186,Organoid123,2,TACAGTGCAGTATAAG,1
Cell4205,Organoid123,2,TACGGGCTCTTGACGA,2
Cell4212,Organoid123,2,TACTCATCAGCATACT,0
Cell4214,Organoid123,2,TACTCATTCGTGACAT,1
Cell4221,Organoid123,2,TACTCGCTCCAAGCCG,0
Cell4229,Organoid123,2,TAGACCAGTAAGGATT,2
Cell4241,Organoid123,2,TAGGCATAGTTGAGAT,1
Cell4259,Organoid123,2,TATCAGGTCTCGGACG,1
Cell4262,Organoid123,2,TATCTCACATGCCCGA,2
Cell4270,Organoid123,2,TATGCCCCACGGCGTT,0
Cell4271,Organoid123,2,TATGCCCCATTGGCGC,1
Cell4273,Organoid123,2,TATGCCCGTGAAATCA,0
Cell4285,Organoid123,2,TCAATCTAGAGTTGGC,0
Cell4286,Organoid123,2,TCAATCTAGATATACG,1
Cell4296,Organoid123,2,TCACGAACAAGCTGTT,0
Cell4307,Organoid123,2,TCAGATGCACATGTGT,1
Cell4310,Organoid123,2,TCAGATGGTTGAACTC,0
Cell4320,Organoid123,2,TCAGCTCAGACACGAC,0
Cell4345,Organoid123,2,TCATTACTCTCCGGTT,2
Cell4352,Organoid123,2,TCCCGATAGAATGTTG,0
Cell4357,Organoid123,2,TCGAGGCGTGCGGTAA,0
Cell4377,Organoid123,2,TCGGTAAGTCTCTTTA,1
Cell4389,Organoid123,2,TCGTAGACAGGAACGT,0
Cell4391,Organoid123,2,TCGTAGAGTTTAAGCC,0
Cell4392,Organoid123,2,TCGTAGATCCAGAGGA,1
Cell4419,Organoid123,2,TCTGAGAGTAGCGTCC,3
Cell4436,Organoid123,2,TCTTCGGGTCTGGTCG,1
Cell4448,Organoid123,2,TCTTTCCGTCTAACGT,0
Cell4478,Organoid123,2,TGAGAGGGTTTGACTG,0
Cell4485,Organoid123,2,TGAGCCGCACCGAAAG,0
Cell4497,Organoid123,2,TGCCAAACACAGGCCT,0
Cell4510,Organoid123,2,TGCGCAGGTAGCGTAG,0
Cell4514,Organoid123,2,TGCGGGTCAATACGCT,1
Cell4519,Organoid123,2,TGCGTGGAGGATATAC,0
Cell4528,Organoid123,2,TGCTGCTAGAGCTGCA,0
Cell4552,Organoid123,2,TGGGCGTCACATCCAA,0
Cell4566,Organoid123,2,TGTCCCAGTCATCCCT,0
Cell4628,Organoid123,2,TTCTACAAGTTTGCGT,1
Cell4650,Organoid123,2,TTGGAACCAGAAGCAC,0
Cell4658,Organoid123,2,TTTACTGAGACTCGGA,0
Cell4671,Organoid123,2,TTTCCTCCACTGCCAG,1
Cell4685,Organoid123,3,AAACCTGAGTGTACGG,0
Cell4690,Organoid123,3,AAACGGGGTTACTGAC,1
Cell4700,Organoid123,3,AAAGTAGAGTGGGTTG,1
Cell4709,Organoid123,3,AAATGCCTCGTTGCCT,0
Cell4717,Organoid123,3,AACCGCGCATATGCTG,0
Cell4721,Organoid123,3,AACGTTGGTCACAAGG,0
Cell4757,Organoid123,3,AAGGAGCGTCTGCGGT,0
Cell4761,Organoid123,3,AAGGAGCTCTAACTGG,0
Cell4763,Organoid123,3,AAGGCAGAGCTCCTCT,0
Cell4789,Organoid123,3,ACACCGGCAATGAAAC,0
Cell4804,Organoid123,3,ACAGCCGTCCCGACTT,2
Cell4815,Organoid123,3,ACATCAGAGCGTCTAT,0
Cell4822,Organoid123,3,ACATCAGTCTCGCTTG,0
Cell4840,Organoid123,3,ACCCACTCACCCATTC,0
Cell4844,Organoid123,3,ACCGTAAAGATCGGGT,1
Cell4858,Organoid123,3,ACGAGCCCACTCTGTC,0
Cell4862,Organoid123,3,ACGAGCCGTCTCTCTG,0
Cell4886,Organoid123,3,ACGCCAGGTCGTTGTA,1
Cell4894,Organoid123,3,ACGCCGAGTGGTACAG,0
Cell4901,Organoid123,3,ACGGAGATCAGCCTAA,0
Cell4915,Organoid123,3,ACGTCAACAGTATAAG,0
Cell4919,Organoid123,3,ACTATCTAGAGCTGGT,0
Cell4920,Organoid123,3,ACTATCTAGCCGGTAA,1
Cell4927,Organoid123,3,ACTATCTTCGGGAGTA,0
Cell4937,Organoid123,3,ACTGAGTGTCGCGAAA,0
Cell4950,Organoid123,3,ACTGCTCGTAAATGAC,0
Cell4954,Organoid123,3,ACTGTCCCACACATGT,0
Cell4964,Organoid123,3,ACTTTCATCTACGAGT,0
Cell4968,Organoid123,3,AGAATAGGTCCAAGTT,0
Cell4980,Organoid123,3,AGAGCGAAGTTAGGTA,1
Cell5008,Organoid123,3,AGCCTAAAGTGCAAGC,0
Cell5010,Organoid123,3,AGCCTAAGTACTCAAC,0
Cell5016,Organoid123,3,AGCGGTCCAGATGGGT,0
Cell5018,Organoid123,3,AGCGGTCCATGTCTCC,0
Cell5040,Organoid123,3,AGGCCACGTTCCACAA,0
Cell5050,Organoid123,3,AGGGATGAGCCAGGAT,0
Cell5056,Organoid123,3,AGGGTGAAGGCGCTCT,2
Cell5057,Organoid123,3,AGGGTGAGTGTGGCTC,1
Cell5075,Organoid123,3,AGTCTTTAGCCTATGT,0
Cell5086,Organoid123,3,AGTTGGTTCTCTTGAT,1
Cell5095,Organoid123,3,ATAGACCGTAGGACAC,0
Cell5102,Organoid123,3,ATCATCTCAGCAGTTT,1
Cell5112,Organoid123,3,ATCCACCAGACTCGGA,2
Cell5114,Organoid123,3,ATCCACCCACGAAAGC,1
Cell5140,Organoid123,3,ATGGGAGGTAAGGGAA,1
Cell5153,Organoid123,3,ATTACTCTCTGTTGAG,0
Cell5166,Organoid123,3,ATTGGACCATGATCCA,0
Cell5167,Organoid123,3,ATTGGACGTTACGGAG,0
Cell5171,Organoid123,3,ATTGGTGAGCTGAACG,0
Cell5176,Organoid123,3,ATTGGTGTCTACTATC,0
Cell5197,Organoid123,3,CAACTAGCACTGCCAG,0
Cell5217,Organoid123,3,CACAAACAGCGTAGTG,1
Cell5233,Organoid123,3,CACAGGCCAGTCGTGC,0
Cell5237,Organoid123,3,CACAGGCTCTAGCACA,0
Cell5242,Organoid123,3,CACATAGCATACTACG,0
Cell5247,Organoid123,3,CACATTTAGGTGATTA,1
Cell5251,Organoid123,3,CACATTTTCATTCACT,0
Cell5253,Organoid123,3,CACCACTAGCGATCCC,0
Cell5262,Organoid123,3,CACCTTGAGACAATAC,1
Cell5266,Organoid123,3,CACCTTGTCAGGTTCA,0
Cell5268,Organoid123,3,CACTCCAAGAGTTGGC,0
Cell5278,Organoid123,3,CAGAATCGTAAATGTG,0
Cell5283,Organoid123,3,CAGATCAAGCTCCTCT,0
Cell5292,Organoid123,3,CAGCATAAGCTGCGAA,0
Cell5314,Organoid123,3,CAGGTGCAGGTGCACA,0
Cell5320,Organoid123,3,CAGTAACTCTAGAGTC,2
Cell5322,Organoid123,3,CAGTCCTTCTGACCTC,0
Cell5326,Organoid123,3,CATATGGAGCGCCTTG,0
Cell5332,Organoid123,3,CATATTCTCGACGGAA,0
Cell5335,Organoid123,3,CATCAAGGTACCATCA,2
Cell5343,Organoid123,3,CATCGAAAGAAACCGC,1
Cell5346,Organoid123,3,CATCGAATCTTGCAAG,2
Cell5347,Organoid123,3,CATCGGGAGGCATGTG,0
Cell5353,Organoid123,3,CATGACAAGGTGGGTT,0
Cell5354,Organoid123,3,CATGACAAGTGAACAT,0
Cell5368,Organoid123,3,CATGGCGCAGGATTGG,2
Cell5373,Organoid123,3,CATTATCGTATTACCG,1
Cell5381,Organoid123,3,CCACCTAAGCTTTGGT,0
Cell5384,Organoid123,3,CCACCTATCTGCTGTC,1
Cell5391,Organoid123,3,CCACTACGTTGAGGTG,0
Cell5399,Organoid123,3,CCATGTCTCGGCCGAT,0
Cell5413,Organoid123,3,CCCAGTTGTCGACTGC,1
Cell5429,Organoid123,3,CCGGGATTCCACTGGG,1
Cell5431,Organoid123,3,CCGGTAGAGGTAGCCA,0
Cell5450,Organoid123,3,CCTAAAGTCCAGGGCT,0
Cell5460,Organoid123,3,CCTACCAAGTGACATA,0
Cell5472,Organoid123,3,CCTATTAAGTGTTTGC,0
Cell5478,Organoid123,3,CCTCTGAGTGATGTCT,0
Cell5480,Organoid123,3,CCTCTGATCTTGTACT,2
Cell5482,Organoid123,3,CCTTACGCAGCTGCTG,0
Cell5488,Organoid123,3,CCTTCCCGTAGAGTGC,0
Cell5511,Organoid123,3,CGAACATGTAAGGGAA,1
Cell5541,Organoid123,3,CGATCGGGTATCGCAT,0
Cell5590,Organoid123,3,CGGACACCACTACAGT,2
Cell5594,Organoid123,3,CGGACGTGTTGTCGCG,1
Cell5598,Organoid123,3,CGGAGCTCACCAGATT,1
Cell5604,Organoid123,3,CGGAGTCGTGTCCTCT,0
Cell5617,Organoid123,3,CGGGTCATCACGAAGG,1
Cell5620,Organoid123,3,CGGTTAAGTATATGAG,0
Cell5635,Organoid123,3,CGTCACTTCCTAGTGA,2
Cell5642,Organoid123,3,CGTCTACAGAGTCGGT,3
Cell5646,Organoid123,3,CGTCTACGTGAGGGTT,1
Cell5648,Organoid123,3,CGTGAGCAGCGTAATA,1
Cell5652,Organoid123,3,CGTGTAATCTGTCTAT,0
Cell5662,Organoid123,3,CGTTAGAGTTGAACTC,0
Cell5680,Organoid123,3,CTAACTTCAGTCTTCC,0
Cell5685,Organoid123,3,CTAACTTTCCCAAGTA,1
Cell5688,Organoid123,3,CTAAGACAGATCACGG,2
Cell5692,Organoid123,3,CTAATGGCACCCATGG,1
Cell5734,Organoid123,3,CTCACACAGCTGAAAT,1
Cell5736,Organoid123,3,CTCACACGTAACGCGA,1
Cell5762,Organoid123,3,CTCGGAGCAATCGAAA,0
Cell5786,Organoid123,3,CTCGTCACAGATAATG,0
Cell5803,Organoid123,3,CTCTGGTGTTACGACT,1
Cell5809,Organoid123,3,CTGAAACGTTATGCGT,0
Cell5828,Organoid123,3,CTGCCTAGTTCCGGCA,0
Cell5836,Organoid123,3,CTGCGGATCCCTAATT,0
Cell5841,Organoid123,3,CTGCTGTTCGGTCCGA,1
Cell5844,Organoid123,3,CTGGTCTGTCACTGGC,0
Cell5854,Organoid123,3,CTGTTTACATCGGGTC,2
Cell5878,Organoid123,3,CTTCTCTGTTCTCATT,0
Cell5880,Organoid123,3,CTTGGCTGTCAACTGT,0
Cell5885,Organoid123,3,CTTTGCGTCCAAACTG,0
Cell5887,Organoid123,3,GAAACTCGTCTCCACT,0
Cell5900,Organoid123,3,GAACCTACAGCCAATT,0
Cell5909,Organoid123,3,GAAGCAGCATCCGGGT,1
Cell5913,Organoid123,3,GAAGCAGTCAGTTGAC,0
Cell5957,Organoid123,3,GACGTTAGTCGTGGCT,0
Cell5975,Organoid123,3,GACTGCGAGATGCCAG,1
Cell5996,Organoid123,3,GAGGTGAGTGATGTGG,0
Cell6019,Organoid123,3,GATCGTAGTCCATCCT,0
Cell6023,Organoid123,3,GATCTAGCATCCCATC,0
Cell6028,Organoid123,3,GATGAAACAACAACCT,0
Cell6036,Organoid123,3,GATGAGGTCATGGTCA,2
Cell6037,Organoid123,3,GATGAGGTCCAGGGCT,0
Cell6041,Organoid123,3,GATGCTAGTCTTCTCG,0
Cell6066,Organoid123,3,GCACTCTGTGAGCGAT,0
Cell6067,Organoid123,3,GCAGCCAAGACCACGA,0
Cell6094,Organoid123,3,GCATGTACAGTTCCCT,1
Cell6118,Organoid123,3,GCGAGAATCACGATGT,0
Cell6160,Organoid123,3,GCTGCGAAGTGAACGC,0
Cell6172,Organoid123,3,GCTGGGTGTAGTAGTA,0
Cell6189,Organoid123,3,GGAACTTCATCGATGT,0
Cell6194,Organoid123,3,GGAACTTTCTGTGCAA,0
Cell6247,Organoid123,3,GGCGTGTTCTCTTGAT,0
Cell6252,Organoid123,3,GGGAATGAGGGTGTTG,0
Cell6253,Organoid123,3,GGGAATGCAAGCGCTC,0
Cell6270,Organoid123,3,GGGCATCTCGGCTTGG,1
Cell6278,Organoid123,3,GGGTTGCGTACAGTTC,0
Cell6292,Organoid123,3,GGTGCGTCACGGATAG,1
Cell6299,Organoid123,3,GGTGTTAAGGAACTGC,0
Cell6340,Organoid123,3,GTAGTCACACGTCAGC,0
Cell6346,Organoid123,3,GTATCTTGTTAGTGGG,1
Cell6353,Organoid123,3,GTATTCTTCAACTCTT,1
Cell6356,Organoid123,3,GTCAAGTAGAGCAATT,1
Cell6379,Organoid123,3,GTCCTCAAGACGCACA,0
Cell6392,Organoid123,3,GTCTTCGCACGAGGTA,0
Cell6393,Organoid123,3,GTCTTCGCATGTAGTC,1
Cell6395,Organoid123,3,GTCTTCGTCCCTCTTT,1
Cell6416,Organoid123,3,GTGCGGTTCATAGCAC,0
Cell6421,Organoid123,3,GTGGGTCAGACAATAC,0
Cell6427,Organoid123,3,GTGGGTCGTCGCTTCT,1
Cell6446,Organoid123,3,GTTACAGCAGCATGAG,1
Cell6451,Organoid123,3,GTTCATTAGCGCTTAT,0
Cell6478,Organoid123,3,GTTTCTATCTTGCCGT,1
Cell6490,Organoid123,3,TAAGAGATCTGGTTCC,1
Cell6512,Organoid123,3,TACGGGCCACACCGCA,0
Cell6513,Organoid123,3,TACGGGCGTACGACCC,2
Cell6530,Organoid123,3,TACTTACAGTGAAGAG,1
Cell6542,Organoid123,3,TACTTGTCATTTCACT,1
Cell6546,Organoid123,3,TAGACCATCGTACCGG,1
Cell6557,Organoid123,3,TAGCCGGGTTAAGGGC,0
Cell6584,Organoid123,3,TATCAGGCAGCGTTCG,0
Cell6591,Organoid123,3,TATGCCCAGTCGTACT,1
Cell6592,Organoid123,3,TATGCCCCACCAGTTA,0
Cell6627,Organoid123,3,TCAGCTCGTGCAACGA,2
Cell6638,Organoid123,3,TCAGGTATCGCCATAA,0
Cell6639,Organoid123,3,TCATTACCATCTACGA,1
Cell6640,Organoid123,3,TCATTTGAGTACGATA,1
Cell6657,Organoid123,3,TCGCGAGGTGATAAGT,0
Cell6663,Organoid123,3,TCGGGACTCTTTAGGG,2
Cell6666,Organoid123,3,TCGGTAAGTCGGCACT,0
Cell6670,Organoid123,3,TCGTACCGTACAAGTA,1
Cell6683,Organoid123,3,TCTATTGGTGAGTGAC,0
Cell6688,Organoid123,3,TCTCATATCCGTTGCT,1
Cell6691,Organoid123,3,TCTCTAAAGTCCGTAT,0
Cell6692,Organoid123,3,TCTCTAACAATCGAAA,1
Cell6694,Organoid123,3,TCTCTAAGTATAATGG,1
Cell6740,Organoid123,3,TGACTTTAGCTCTCGG,1
Cell6741,Organoid123,3,TGACTTTAGTACGCCC,2
Cell6748,Organoid123,3,TGAGAGGAGTTGAGTA,0
Cell6753,Organoid123,3,TGAGCATTCCCAAGTA,0
Cell6755,Organoid123,3,TGAGCCGCATGGTAGG,0
Cell6788,Organoid123,3,TGCCCTATCAACACAC,2
Cell6797,Organoid123,3,TGCGGGTGTTTGTTGG,0
Cell6798,Organoid123,3,TGCGGGTTCATTTGGG,1
Cell6801,Organoid123,3,TGCGTGGCATTGGCGC,0
Cell6815,Organoid123,3,TGCTGCTTCCCTGACT,1
Cell6825,Organoid123,3,TGGCCAGGTACCAGTT,0
Cell6831,Organoid123,3,TGGCTGGAGTACGCGA,1
Cell6834,Organoid123,3,TGGGAAGCAAGCCGTC,0
Cell6842,Organoid123,3,TGGGAAGTCAGGTAAA,1
Cell6847,Organoid123,3,TGGGCGTGTAGCGCAA,0
Cell6851,Organoid123,3,TGGTTAGCAAACTGCT,1
Cell6861,Organoid123,3,TGGTTCCTCGAGCCCA,0
Cell6870,Organoid123,3,TGTCCCACACTGCCAG,0
Cell6871,Organoid123,3,TGTCCCACAGGGTACA,1
Cell6874,Organoid123,3,TGTGGTAAGTACGTTC,1
Cell6875,Organoid123,3,TGTGGTACACACATGT,1
Cell6876,Organoid123,3,TGTGTTTAGACCTAGG,0
Cell6885,Organoid123,3,TTAACTCAGGACACCA,2
Cell6891,Organoid123,3,TTAACTCTCAGTTTGG,0
Cell6906,Organoid123,3,TTATGCTGTTACCGAT,2
Cell6917,Organoid123,3,TTCGGTCTCGTACCGG,0
Cell6932,Organoid123,3,TTCTCCTTCGCTGATA,0
Cell6942,Organoid123,3,TTGAACGCAGCTCCGA,0
Cell6951,Organoid123,3,TTGCCGTGTAACGTTC,1
Cell6958,Organoid123,3,TTGGAACCAATAGCGG,1
Cell6980,Organoid123,3,TTTACTGGTAGCGTGA,1
Cell4,Organoid4,1,AAACCTGGTTAGAACA,0
Cell5,Organoid4,1,AAACCTGTCACCACCT,2
Cell6,Organoid4,1,AAACCTGTCCGAGCCA,2
Cell14,Organoid4,1,AAAGCAAGTTCCATGA,2
Cell17,Organoid4,1,AAATGCCTCAAACGGG,1
Cell20,Organoid4,1,AACACGTTCCTCAATT,2
Cell22,Organoid4,1,AACCATGCAGCATACT,2
Cell24,Organoid4,1,AACCATGTCGCCTGTT,2
Cell30,Organoid4,1,AACGTTGAGGCTAGGT,1
Cell35,Organoid4,1,AACTCAGCATAAGACA,1
Cell56,Organoid4,1,AAGGCAGGTCTTGTCC,3
Cell83,Organoid4,1,ACATCAGGTTGTGGAG,0
Cell90,Organoid4,1,ACCAGTATCCGCGGTA,1
Cell96,Organoid4,1,ACCGTAAGTCCTGCTT,2
Cell110,Organoid4,1,ACGATACGTGCGATAG,2
Cell111,Organoid4,1,ACGATACTCTCCAGGG,0
Cell114,Organoid4,1,ACGATGTGTTAAGTAG,2
Cell126,Organoid4,1,ACGGAGATCTAACGGT,1
Cell132,Organoid4,1,ACGGGTCGTTAGGGTG,1
Cell140,Organoid4,1,ACTGAGTGTTACGGAG,2
Cell148,Organoid4,1,ACTTACTGTAGAGGAA,1
Cell150,Organoid4,1,ACTTGTTCAAGAGTCG,2
Cell157,Organoid4,1,AGAATAGGTTAAAGAC,2
Cell163,Organoid4,1,AGAGCTTCACCATGTA,0
Cell164,Organoid4,1,AGAGCTTTCATCGGAT,2
Cell171,Organoid4,1,AGATTGCAGTAGGCCA,1
Cell173,Organoid4,1,AGATTGCGTGCAGGTA,2
Cell179,Organoid4,1,AGCATACCACCGCTAG,2
Cell180,Organoid4,1,AGCATACCACTTAAGC,2
Cell183,Organoid4,1,AGCCTAATCAGTGCAT,4
Cell198,Organoid4,1,AGCTCTCTCCTGTAGA,1
Cell201,Organoid4,1,AGCTTGAAGGAATCGC,2
Cell207,Organoid4,1,AGGCCACCACGTGAGA,1
Cell215,Organoid4,1,AGGGATGCATGTCTCC,2
Cell224,Organoid4,1,AGGTCCGAGTAAGTAC,2
Cell225,Organoid4,1,AGGTCCGAGTGTCCAT,1
Cell231,Organoid4,1,AGTAGTCGTCATCGGC,2
Cell234,Organoid4,1,AGTAGTCTCCTGTACC,1
Cell242,Organoid4,1,AGTGGGAGTGTATGGG,2
Cell252,Organoid4,1,ATAAGAGTCGGATGTT,0
Cell260,Organoid4,1,ATCATCTTCGGTCTAA,3
Cell285,Organoid4,1,ATGAGGGTCGGAATCT,1
Cell288,Organoid4,1,ATGCGATTCTTAGCCC,2
Cell294,Organoid4,1,ATGTGTGTCCTTTCGG,3
Cell299,Organoid4,1,ATTATCCAGGCACATG,3
Cell302,Organoid4,1,ATTATCCCAGTCCTTC,0
Cell313,Organoid4,1,ATTGGTGTCACTTCAT,2
Cell314,Organoid4,1,ATTTCTGAGCCGATTT,2
Cell326,Organoid4,1,CAACTAGTCCGAGCCA,1
Cell339,Organoid4,1,CAAGTTGTCTTCAACT,2
Cell346,Organoid4,1,CACAGGCGTAGGAGTC,2
Cell348,Organoid4,1,CACAGTACAGCTGTAT,1
Cell352,Organoid4,1,CACATAGTCACCGGGT,2
Cell358,Organoid4,1,CACCAGGCAATTGCTG,0
Cell362,Organoid4,1,CACCTTGTCGACAGCC,1
Cell379,Organoid4,1,CAGCATACAGATGGGT,2
Cell386,Organoid4,1,CAGCGACAGATCTGCT,1
Cell387,Organoid4,1,CAGCGACCATAGGATA,1
Cell403,Organoid4,1,CATATTCCAACACCTA,1
Cell412,Organoid4,1,CATCGAAAGAGTACAT,1
Cell415,Organoid4,1,CATCGAACATGTTCCC,2
Cell417,Organoid4,1,CATCGAATCATGTCCC,2
Cell419,Organoid4,1,CATCGGGCAGTATCTG,2
Cell425,Organoid4,1,CATGACATCCGATATG,1
Cell446,Organoid4,1,CCACTACTCAACCATG,1
Cell468,Organoid4,1,CCGGTAGCATCACCCT,2
Cell478,Organoid4,1,CCTAAAGCACAGGCCT,3
Cell492,Organoid4,1,CCTAGCTTCACCACCT,1
Cell497,Organoid4,1,CCTCTGATCGAATGCT,2
Cell501,Organoid4,1,CCTTCCCGTTATTCTC,2
Cell510,Organoid4,1,CCTTTCTGTTATCGGT,2
Cell521,Organoid4,1,CGACTTCGTTGAGGTG,1
Cell532,Organoid4,1,CGATCGGGTCGGATCC,2
Cell541,Organoid4,1,CGCGGTACAAGGTTCT,2
Cell553,Organoid4,1,CGCTATCGTTAAGATG,1
Cell556,Organoid4,1,CGCTGGAAGCTGTTCA,0
Cell563,Organoid4,1,CGGACACTCTTTAGTC,0
Cell577,Organoid4,1,CGGGTCATCGTCGTTC,0
Cell580,Organoid4,1,CGTAGCGGTGCTTCTC,1
Cell582,Organoid4,1,CGTAGGCCAGTTCCCT,2
Cell585,Organoid4,1,CGTAGGCTCGGCGCTA,1
Cell596,Organoid4,1,CGTCTACAGGACATTA,2
Cell597,Organoid4,1,CGTCTACTCAAAGACA,2
Cell607,Organoid4,1,CGTTGGGAGGTTCCTA,0
Cell611,Organoid4,1,CTAACTTTCACGACTA,1
Cell621,Organoid4,1,CTACATTCATTAGCCA,0
Cell623,Organoid4,1,CTACATTGTCCTCTTG,2
Cell636,Organoid4,1,CTAGCCTGTGACAAAT,2
Cell644,Organoid4,1,CTCACACCAAGCCATT,2
Cell646,Organoid4,1,CTCACACGTCAGTGGA,2
Cell648,Organoid4,1,CTCACACTCGGCATCG,1
Cell650,Organoid4,1,CTCAGAACAATGGATA,1
Cell653,Organoid4,1,CTCGAAAAGGCGACAT,2
Cell656,Organoid4,1,CTCGAAATCTTCGAGA,1
Cell662,Organoid4,1,CTCGGAGAGTCCAGGA,2
Cell663,Organoid4,1,CTCGGGAGTGAGTATA,1
Cell675,Organoid4,1,CTCTACGAGAGCAATT,2
Cell685,Organoid4,1,CTCTGGTGTACTCAAC,3
Cell688,Organoid4,1,CTGAAACAGCAGCCTC,2
Cell689,Organoid4,1,CTGAAACAGCTACCGC,1
Cell693,Organoid4,1,CTGAAGTCATACTACG,2
Cell694,Organoid4,1,CTGAAGTCATTGGTAC,2
Cell698,Organoid4,1,CTGATAGCATATACCG,1
Cell703,Organoid4,1,CTGATCCAGGACAGAA,2
Cell714,Organoid4,1,CTGGTCTTCGCCGTGA,2
Cell724,Organoid4,1,CTTAACTAGATATACG,1
Cell727,Organoid4,1,CTTAACTTCCCAACGG,1
Cell731,Organoid4,1,CTTACCGTCTCAAACG,1
Cell748,Organoid4,1,GAAATGAGTCGCGAAA,2
Cell758,Organoid4,1,GAACGGATCTAGCACA,2
Cell766,Organoid4,1,GAATAAGGTCGTTGTA,2
Cell767,Organoid4,1,GAATAAGTCATTTGGG,1
Cell776,Organoid4,1,GACAGAGAGACCACGA,1
Cell792,Organoid4,1,GACGGCTCATAGGATA,2
Cell801,Organoid4,1,GACGTTACACTTCTGC,0
Cell810,Organoid4,1,GAGCAGACACAGACTT,2
Cell813,Organoid4,1,GAGGTGAAGCCAACAG,0
Cell816,Organoid4,1,GAGGTGATCGCTAGCG,2
Cell825,Organoid4,1,GATCGATAGTGAATTG,1
Cell828,Organoid4,1,GATCGCGAGATAGTCA,2
Cell830,Organoid4,1,GATCGCGCAAGAAGAG,2
Cell849,Organoid4,1,GCAAACTAGTATTGGA,1
Cell851,Organoid4,1,GCAAACTGTTCAGTAC,2
Cell855,Organoid4,1,GCAATCACATGGTAGG,1
Cell856,Organoid4,1,GCAATCATCCGCATCT,2
Cell875,Organoid4,1,GCATGTAAGAGCCTAG,0
Cell877,Organoid4,1,GCATGTAAGTGGGCTA,2
Cell913,Organoid4,1,GCTCCTAAGTGCGATG,2
Cell919,Organoid4,1,GCTCTGTTCACATAGC,1
Cell920,Organoid4,1,GCTGCAGAGGCGCTCT,2
Cell925,Organoid4,1,GCTGCAGTCGGTCTAA,1
Cell936,Organoid4,1,GCTTCCAGTACGCTGC,2
Cell937,Organoid4,1,GCTTCCAGTCGCATAT,0
Cell944,Organoid4,1,GGAAAGCTCAAAGACA,2
Cell949,Organoid4,1,GGAACTTCAGGGATTG,2
Cell960,Organoid4,1,GGACGTCGTTCTGTTT,0
Cell972,Organoid4,1,GGCGACTTCCGTAGGC,2
Cell980,Organoid4,1,GGCTGGTGTTCCACTC,2
Cell981,Organoid4,1,GGCTGGTTCGCAAGCC,2
Cell983,Organoid4,1,GGGACCTAGAGTAATC,3
Cell986,Organoid4,1,GGGACCTCATTTGCCC,0
Cell992,Organoid4,1,GGGCACTTCGTTTATC,1
Cell993,Organoid4,1,GGGTCTGCATATACCG,0
Cell999,Organoid4,1,GGTATTGAGTGACATA,2
Cell1009,Organoid4,1,GGTGCGTCATTACCTT,2
Cell1015,Organoid4,1,GGTGTTACAATGAAAC,1
Cell1019,Organoid4,1,GTAACGTCACAGGAGT,0
Cell1025,Organoid4,1,GTACGTAGTGGCTCCA,1
Cell1035,Organoid4,1,GTCACAAAGCGTAGTG,2
Cell1047,Organoid4,1,GTCCTCATCACTTCAT,1
Cell1051,Organoid4,1,GTCGGGTCAGATCCAT,1
Cell1064,Organoid4,1,GTGCAGCTCCTAGTGA,0
Cell1069,Organoid4,1,GTGCTTCAGGGTCTCC,1
Cell1078,Organoid4,1,GTTAAGCTCCGGGTGT,2
Cell1079,Organoid4,1,GTTAAGCTCTCCAGGG,0
Cell1092,Organoid4,1,TAAACCGCAGCGTCCA,0
Cell1116,Organoid4,1,TACGGATCAAGGTTTC,2
Cell1142,Organoid4,1,TAGTGGTTCTCGATGA,1
Cell1156,Organoid4,1,TATTACCAGCAGACTG,0
Cell1159,Organoid4,1,TATTACCTCAGAGGTG,2
Cell1188,Organoid4,1,TCATTACGTCCGACGT,2
Cell1189,Organoid4,1,TCATTACGTCGGCACT,2
Cell1196,Organoid4,1,TCATTTGGTATGGTTC,2
Cell1197,Organoid4,1,TCATTTGTCAAGCCTA,1
Cell1201,Organoid4,1,TCCCGATAGAAACCAT,2
Cell1206,Organoid4,1,TCGCGTTCACAGCGTC,3
Cell1207,Organoid4,1,TCGCGTTCACTTACGA,2
Cell1222,Organoid4,1,TCTATTGAGCGAGAAA,1
Cell1225,Organoid4,1,TCTATTGCATAAGACA,2
Cell1230,Organoid4,1,TCTCATACACAGACTT,2
Cell1233,Organoid4,1,TCTCTAAGTATGGTTC,0
Cell1258,Organoid4,1,TGACTAGAGCACCGTC,1
Cell1261,Organoid4,1,TGACTAGCACACCGAC,2
Cell1263,Organoid4,1,TGAGAGGAGACACGAC,3
Cell1268,Organoid4,1,TGAGGGAAGGTGACCA,1
Cell1288,Organoid4,1,TGCCCATGTCTTGATG,0
Cell1295,Organoid4,1,TGCGGGTAGTCCCACG,2
Cell1299,Organoid4,1,TGCGTGGGTCCGACGT,1
Cell1305,Organoid4,1,TGCTACCGTTCCACTC,2
Cell1307,Organoid4,1,TGCTACCTCTTGTACT,0
Cell1312,Organoid4,1,TGGACGCTCGTTTATC,0
Cell1314,Organoid4,1,TGGCCAGTCCTAAGTG,1
Cell1320,Organoid4,1,TGGCGCATCGCCAAAT,0
Cell1331,Organoid4,1,TGTATTCTCCAAAGTC,1
Cell1343,Organoid4,1,TTAGGACGTGTAACGG,1
Cell1348,Organoid4,1,TTAGGCAGTACCGTTA,2
Cell1352,Organoid4,1,TTAGTTCAGAATGTTG,2
Cell1361,Organoid4,1,TTCGGTCAGAGCTGCA,1
Cell1362,Organoid4,1,TTCGGTCGTATAGTAG,1
Cell1390,Organoid4,1,TTGGCAACAGGTGGAT,2
Cell1395,Organoid4,1,TTGTAGGCAATCTGCA,2
Cell1400,Organoid4,1,TTTACTGGTGCGCTTG,1
Cell1410,Organoid4,1,TTTGCGCGTACCGAGA,0
Cell22,Organoid123,1,AAAGTAGAGTGTGAAT,3
Cell67,Organoid123,1,AACTCTTTCAACTCTT,4
Cell116,Organoid123,1,AAGTCTGGTCTGATTG,4
Cell237,Organoid123,1,ACGGCCAAGACAAAGG,3
Cell330,Organoid123,1,AGATTGCAGCTGCAAG,3
Cell345,Organoid123,1,AGCATACCAAGTTAAG,4
Cell445,Organoid123,1,AGTGGGAGTACTCTCC,4
Cell446,Organoid123,1,AGTGGGAGTACTTCTT,3
Cell464,Organoid123,1,ATAAGAGAGTACGCCC,3
Cell494,Organoid123,1,ATCGAGTAGCTCCCAG,4
Cell520,Organoid123,1,ATGCGATGTCTAACGT,4
Cell560,Organoid123,1,CAACCAACACTTAACG,3
Cell672,Organoid123,1,CAGCCGAGTAGGCTGA,4
Cell835,Organoid123,1,CCGTGGAGTACCGTTA,3
Cell1017,Organoid123,1,CGGTTAATCCAAACTG,3
Cell1031,Organoid123,1,CGTCAGGCATCATCCC,3
Cell1100,Organoid123,1,CTACACCGTCTCTCGT,4
Cell1217,Organoid123,1,CTGATCCCAACACCTA,4
Cell1264,Organoid123,1,CTTAGGACAACTGCGC,3
Cell1293,Organoid123,1,GAACCTAAGATCGATA,3
Cell1349,Organoid123,1,GACGTGCAGTGCCAGA,3
Cell1361,Organoid123,1,GACTAACTCGAATCCA,4
Cell1448,Organoid123,1,GCACATAGTGGTTTCA,3
Cell1538,Organoid123,1,GCTCCTAAGGACACCA,3
Cell1558,Organoid123,1,GCTGCAGTCCGATATG,3
Cell1565,Organoid123,1,GCTGCGATCATGCTCC,3
Cell1597,Organoid123,1,GGAATAAAGGGTCGAT,4
Cell1617,Organoid123,1,GGAGCAACAGACAAGC,3
Cell1741,Organoid123,1,GTAACGTTCCAAACTG,3
Cell1796,Organoid123,1,GTCCTCACAAGAGGCT,3
Cell1824,Organoid123,1,GTGCAGCAGAACTGTA,3
Cell1834,Organoid123,1,GTGCATAGTACTCTCC,4
Cell1862,Organoid123,1,GTGTTAGTCTGGCGAC,4
Cell1967,Organoid123,1,TACTTGTTCCCAGGTG,4
Cell2025,Organoid123,1,TATGCCCTCACCACCT,4
Cell2046,Organoid123,1,TCAATCTTCGGCGCAT,3
Cell2178,Organoid123,1,TCTTTCCCATTAGGCT,3
Cell2186,Organoid123,1,TGACAACCAAACTGTC,3
Cell2260,Organoid123,1,TGCGTGGAGCAGGTCA,3
Cell2266,Organoid123,1,TGCGTGGGTGCACTTA,3
Cell2332,Organoid123,1,TTAACTCAGACAGGCT,3
Cell2354,Organoid123,1,TTATGCTGTTGGGACA,3
Cell2463,Organoid123,2,AAAGATGAGACAAAGG,3
Cell2582,Organoid123,2,ACAGCCGTCGTCTGAA,4
Cell2616,Organoid123,2,ACCGTAAGTTACCGAT,4
Cell2820,Organoid123,2,AGGGTGACAGGGTATG,4
Cell2822,Organoid123,2,AGGTCATGTATTCGTG,3
Cell2851,Organoid123,2,ATAACGCGTCATATGC,3
Cell2911,Organoid123,2,ATGTGTGCAGCCAATT,3
Cell2965,Organoid123,2,CAAGGCCTCGCAGGCT,4
Cell3012,Organoid123,2,CACCACTAGGGATCTG,3
Cell3015,Organoid123,2,CACCACTGTCTCTCTG,4
Cell3066,Organoid123,2,CAGCGACGTTGAGTTC,3
Cell3076,Organoid123,2,CAGGTGCAGTCTTGCA,3
Cell3092,Organoid123,2,CATATGGTCCGCGGTA,3
Cell3101,Organoid123,2,CATCAAGTCTTGAGGT,4
Cell3193,Organoid123,2,CCCTCCTTCTGGCGTG,3
Cell3231,Organoid123,2,CCTACCATCATTTGGG,3
Cell3254,Organoid123,2,CCTTCCCGTTCAGTAC,4
Cell3304,Organoid123,2,CGATCGGTCCTTTACA,3
Cell3381,Organoid123,2,CGGGTCAGTGCTCTTC,3
Cell3420,Organoid123,2,CGTGAGCAGCGATAGC,4
Cell3477,Organoid123,2,CTACGTCAGCAACGGT,4
Cell3503,Organoid123,2,CTCATTATCACGACTA,4
Cell3526,Organoid123,2,CTCGGAGTCTGCGACG,3
Cell3695,Organoid123,2,GACGTGCCAGGTCGTC,4
Cell3705,Organoid123,2,GACGTTAGTTCCCGAG,3
Cell3742,Organoid123,2,GATCGATCAGAGTGTG,4
Cell3791,Organoid123,2,GCAGTTAGTTCAGCGC,3
Cell3797,Organoid123,2,GCATACAGTCTTCGTC,4
Cell3835,Organoid123,2,GCGAGAAGTACCTACA,3
Cell3853,Organoid123,2,GCGCCAACACTAAGTC,3
Cell4048,Organoid123,2,GTAGGCCTCAGCTGGC,3
Cell4117,Organoid123,2,GTGCGGTAGGTGTGGT,3
Cell4179,Organoid123,2,TACACGAGTTCGAATC,3
Cell4184,Organoid123,2,TACAGTGCACATCTTT,3
Cell4189,Organoid123,2,TACAGTGGTGCAACGA,3
Cell4230,Organoid123,2,TAGAGCTCAAGAAGAG,3
Cell4253,Organoid123,2,TAGTTGGGTACCGGCT,3
Cell4315,Organoid123,2,TCAGCAAAGGGTTTCT,4
Cell4387,Organoid123,2,TCGTAGAAGAGTCTGG,4
Cell4468,Organoid123,2,TGACTTTCAATCACAC,4
Cell4494,Organoid123,2,TGCACCTAGTACATGA,4
Cell4512,Organoid123,2,TGCGCAGGTCTAGTCA,3
Cell4565,Organoid123,2,TGTCCCAGTATAGGGC,3
Cell4670,Organoid123,2,TTTCCTCCACAAGCCC,4
Cell4686,Organoid123,3,AAACCTGAGTGTCCAT,3
Cell4708,Organoid123,3,AAATGCCGTTGGGACA,4
Cell4747,Organoid123,3,AAGACCTGTCTACCTC,3
Cell4754,Organoid123,3,AAGGAGCAGGGTATCG,4
Cell4784,Organoid123,3,ACACCCTCAGTCGATT,3
Cell4797,Organoid123,3,ACACTGATCACTGGGC,3
Cell4829,Organoid123,3,ACCAGTAAGGATTCGG,3
Cell4856,Organoid123,3,ACGAGCCAGTACGACG,3
Cell4892,Organoid123,3,ACGCCGACAGTACACT,3
Cell4933,Organoid123,3,ACTGAACTCCAGAAGG,3
Cell4941,Organoid123,3,ACTGATGCAGTGAGTG,3
Cell5049,Organoid123,3,AGGGATGAGACCTAGG,4
Cell5079,Organoid123,3,AGTGAGGCATGATCCA,3
Cell5085,Organoid123,3,AGTGTCATCCATTCTA,4
Cell5145,Organoid123,3,ATGTGTGAGCTGAACG,4
Cell5174,Organoid123,3,ATTGGTGTCACAATGC,4
Cell5267,Organoid123,3,CACCTTGTCGTGACAT,4
Cell5275,Organoid123,3,CAGAATCAGTTTCCTT,3
Cell5277,Organoid123,3,CAGAATCCATCGGACC,3
Cell5297,Organoid123,3,CAGCCGACATGCCACG,4
Cell5299,Organoid123,3,CAGCGACAGTACGATA,4
Cell5506,Organoid123,3,CCTTTCTTCAGTTAGC,3
Cell5517,Organoid123,3,CGACCTTAGCTAGTCT,3
Cell5588,Organoid123,3,CGGACACAGAGAACAG,3
Cell5626,Organoid123,3,CGTAGGCAGAATTGTG,4
Cell5678,Organoid123,3,CTAACTTCAAACTGTC,4
Cell5683,Organoid123,3,CTAACTTGTCATGCAT,3
Cell5720,Organoid123,3,CTACGTCGTACACCGC,4
Cell5832,Organoid123,3,CTGCGGACATGTAAGA,4
Cell5840,Organoid123,3,CTGCTGTGTCACACGC,3
Cell5929,Organoid123,3,GACAGAGCATCCGGGT,3
Cell5956,Organoid123,3,GACGTTAGTCGAGATG,3
Cell5978,Organoid123,3,GACTGCGAGTAGCGGT,3
Cell6073,Organoid123,3,GCAGTTAGTGTATGGG,3
Cell6101,Organoid123,3,GCCTCTAAGATAGGAG,3
Cell6166,Organoid123,3,GCTGCGATCTCATTCA,3
Cell6213,Organoid123,3,GGAGCAAGTCGCATCG,4
Cell6217,Organoid123,3,GGATGTTCACGGTGTC,3
Cell6289,Organoid123,3,GGTGAAGTCTCATTCA,4
Cell6308,Organoid123,3,GTAACGTTCTCGTTTA,4
Cell6357,Organoid123,3,GTCAAGTAGATTACCC,4
Cell6403,Organoid123,3,GTGCAGCGTCAAGCGA,3
Cell6414,Organoid123,3,GTGCGGTCAGCTGCAC,3
Cell6428,Organoid123,3,GTGGGTCGTCTTCAAG,3
Cell6431,Organoid123,3,GTGTGCGAGCGTAGTG,3
Cell6450,Organoid123,3,GTTACAGTCTCGCATC,4
Cell6676,Organoid123,3,TCGTAGACAGAGTGTG,4
Cell6727,Organoid123,3,TGACGGCCAGCTGCTG,4
Cell6897,Organoid123,3,TTAGGCAAGGGTTCCC,4
Cell6934,Organoid123,3,TTCTTAGAGCACAGGT,4
Cell2,Organoid4,1,AAACCTGAGGTGCACA,3
Cell52,Organoid4,1,AAGGAGCGTTATCACG,3
Cell145,Organoid4,1,ACTGCTCTCACCTTAT,4
Cell186,Organoid4,1,AGCGGTCCAATCCGAT,4
Cell212,Organoid4,1,AGGGAGTGTATCTGCA,3
Cell246,Organoid4,1,ATAACGCCACGTCAGC,3
Cell249,Organoid4,1,ATAACGCTCCAAATGC,3
Cell283,Organoid4,1,ATGAGGGCAGTCACTA,3
Cell397,Organoid4,1,CAGTAACTCTTACCGC,4
Cell414,Organoid4,1,CATCGAAAGTCATCCA,3
Cell451,Organoid4,1,CCATGTCCATGTAGTC,4
Cell536,Organoid4,1,CGATTGAAGGGCTCTC,4
Cell612,Organoid4,1,CTAAGACAGAGCTGCA,3
Cell616,Organoid4,1,CTAATGGTCATGTGGT,4
Cell626,Organoid4,1,CTACCCATCAGTTTGG,3
Cell669,Organoid4,1,CTCTAATAGAAGGACA,3
Cell677,Organoid4,1,CTCTACGAGTGTGAAT,3
Cell682,Organoid4,1,CTCTACGTCCTTGACC,4
Cell710,Organoid4,1,CTGCGGAGTTCATGGT,3
Cell729,Organoid4,1,CTTACCGAGACCACGA,4
Cell742,Organoid4,1,CTTTGCGGTTCAACCA,4
Cell749,Organoid4,1,GAAATGAGTTAGTGGG,4
Cell777,Organoid4,1,GACAGAGCAGTCAGAG,4
Cell799,Organoid4,1,GACGTTAAGGCGTACA,3
Cell800,Organoid4,1,GACGTTACACAGTCGC,3
Cell806,Organoid4,1,GACTGCGTCTTAACCT,3
Cell863,Organoid4,1,GCAGTTAAGCAATATG,4
Cell887,Organoid4,1,GCCTCTAGTGTAACGG,3
Cell902,Organoid4,1,GCGCAGTCATTACGAC,4
Cell963,Organoid4,1,GGATGTTGTAGCGTGA,4
Cell970,Organoid4,1,GGCCGATTCGACCAGC,3
Cell1011,Organoid4,1,GGTGCGTTCTGGTGTA,3
Cell1083,Organoid4,1,GTTCATTCACAACGTT,3
Cell1091,Organoid4,1,TAAACCGCACATTTCT,3
Cell1165,Organoid4,1,TCACAAGCATTTCACT,3
Cell1172,Organoid4,1,TCAGCAAAGCACGCCT,4
Cell1200,Organoid4,1,TCCACACTCCGCATCT,2
Cell1228,Organoid4,1,TCTCATAAGTTACCCA,4
Cell1267,Organoid4,1,TGAGCCGCAAAGTGCG,4
Cell1296,Organoid4,1,TGCGGGTCACCCATGG,3
Cell1298,Organoid4,1,TGCGTGGAGGTGTGGT,4
Cell1302,Organoid4,1,TGCGTGGTCACGACTA,4
Cell1313,Organoid4,1,TGGCCAGGTCGATTGT,4
Cell1381,Organoid4,1,TTGCCGTCAGCCTTGG,3
